county,constituency,ward
Baringo,AINABKOI,AINABKOI/OLARE
Baringo,BARINGO  NORTH,KABARTONJO
Baringo,BARINGO  NORTH,SAIMO/KIPSARAMAN
Baringo,BARINGO CENTRAL,KABARNET
Baringo,BARINGO CENTRAL,KAPROPITA
Baringo,BARINGO SOUTH,MARIGAT
Baringo,BARINGO SOUTH,MOCHONGOI
Baringo,ELDAMA RAVINE,KOIBATEK
Baringo,ELDAMA RAVINE,RAVINE
Baringo,MOGOTIO,EMINING
Baringo,MOGOTIO,MOGOTIO
Baringo,TIATY,CHURO/AMAYA
Baringo,TIATY,RIBKWO
Baringo,TIATY,TANGULBEI/KOROSSI
Bomet,BOMET CENTRAL,MUTARAKWA
Bomet,BOMET CENTRAL,SILIBWET TOWNSHIP
Bomet,BOMET CENTRAL,SINGORWET
Bomet,BOMET EAST,KEMBU
Bomet,BOMET EAST,KIPRERES
Bomet,BOMET EAST,LONGISA
Bomet,BOMET EAST,MERIGI
Bomet,CHEPALUNGU,CHEBUNYO
Bomet,CHEPALUNGU,KONG'ASIS
Bomet,CHEPALUNGU,NYANGORES
Bomet,CHEPALUNGU,SIGOR
Bomet,CHEPALUNGU,SIONGIROI
Bomet,KONOIN,BOITO
Bomet,KONOIN,KIMULOT
Bomet,KONOIN,MOGOGOSIEK
Bomet,SOTIK,CHEMAGEL
Bomet,SOTIK,KIPSONOI
Bomet,SOTIK,NDANAI/ABOSI
Bomet,SOTIK,RONGENA/MANARET
Bungoma,BUMULA,KABULA
Bungoma,BUMULA,KIMAETI
Bungoma,BUMULA,SIBOTI
Bungoma,BUMULA,WEST BUKUSU
Bungoma,KABUCHAI,KABUCHAI/CHWELE
Bungoma,KABUCHAI,MUKUYUNI
Bungoma,KABUCHAI,WEST NALONDO
Bungoma,KANDUYI,BUKEMBE EAST
Bungoma,KANDUYI,BUKEMBE WEST
Bungoma,KANDUYI,EAST SANG'ALO
Bungoma,KANDUYI,KHALABA
Bungoma,KANDUYI,MARAKARU/TUUTI
Bungoma,KANDUYI,MUSIKOMA
Bungoma,KANDUYI,TOWNSHIP
Bungoma,KIMILILI,KAMUKUYWA
Bungoma,KIMILILI,KIMILILI
Bungoma,MT. ELGON,CHEPTAIS
Bungoma,MT. ELGON,ELGON
Bungoma,MT. ELGON,KAPKATENY
Bungoma,MT. ELGON,KAPTAMA
Bungoma,SIRISIA,LWANDANYI
Bungoma,SIRISIA,MALAKISI/SOUTH KULISIRU
Bungoma,TESO NORTH,MALABA CENTRAL
Bungoma,TONGAREN,MILIMA
Bungoma,TONGAREN,NAITIRI/KABUYEFWE
Bungoma,TONGAREN,NDALU/ TABANI
Bungoma,TONGAREN,SOYSAMBU/ MITUA
Bungoma,TONGAREN,TONGAREN
Bungoma,WEBUYE EAST,MARAKA
Bungoma,WEBUYE EAST,MIHUU
Bungoma,WEBUYE EAST,NDIVISI
Bungoma,WEBUYE WEST,BOKOLI
Bungoma,WEBUYE WEST,MATULO
Bungoma,WEBUYE WEST,MISIKHU
Busia,BUDALANGI,BUNYALA CENTRAL
Busia,BUDALANGI,BUNYALA NORTH
Busia,BUDALANGI,BUNYALA WEST
Busia,BUTULA,KINGANDOLE
Busia,BUTULA,MARACHI CENTRAL
Busia,BUTULA,MARACHI EAST
Busia,BUTULA,MARACHI NORTH
Busia,BUTULA,MARACHI WEST
Busia,EMBAKASI WEST,UMOJA I
Busia,FUNYULA,BWIRI
Busia,FUNYULA,NAMBOBOTO NAMBUKU
Busia,FUNYULA,NANGINA
Busia,KANDUYI,TOWNSHIP
Busia,KARACHUONYO,WANGCHIENG
Busia,KIMILILI,KIMILILI
Busia,LURAMBI,SHEYWE
Busia,MATAYOS,BUKHAYO WEST
Busia,MATAYOS,BURUMBA
Busia,MATAYOS,BUSIBWABO
Busia,MATAYOS,MATAYOS SOUTH
Busia,MATAYOS,MAYENJE
Busia,NAMBALE,BUKHAYO EAST
Busia,NAMBALE,NAMBALE TOWNSHIP
Busia,TESO NORTH,MALABA CENTRAL
Busia,TESO NORTH,MALABA NORTH
Busia,TESO NORTH,MALABA SOUTH
Busia,TESO SOUTH,AMUKURA CENTRAL
Busia,TESO SOUTH,AMUKURA EAST
Busia,TESO SOUTH,ANG'OROM
Busia,TESO SOUTH,CHAKOL NORTH
Busia,TESO SOUTH,CHAKOL SOUTH
Elgeyo Marakwet,KEIYO NORTH,KAMARINY
Elgeyo Marakwet,KEIYO NORTH,KAPCHEMUTWA
Elgeyo Marakwet,KEIYO NORTH,TAMBACH
Elgeyo Marakwet,KEIYO SOUTH,CHEPKORIO
Elgeyo Marakwet,KEIYO SOUTH,KABIEMIT
Elgeyo Marakwet,KEIYO SOUTH,KAPTARAKWA
Elgeyo Marakwet,LIKUYANI,SINOKO
Elgeyo Marakwet,MARAKWET EAST,ENDO
Elgeyo Marakwet,MARAKWET EAST,KAPYEGO
Elgeyo Marakwet,MARAKWET WEST,KAPSOWAR
Elgeyo Marakwet,MARAKWET WEST,SENGWER
Elgeyo Marakwet,TURBO,HURUMA
Embu,EMBAKASI EAST,UTAWALA
Embu,GICHUGU,KABARE
Embu,GITHUNGURI,GITHUNGURI
Embu,KIRINYAGA CENTRAL,KERUGOYA
Embu,MANYATTA,GATURI SOUTH
Embu,MANYATTA,KIRIMARI
Embu,MANYATTA,KITHIMU
Embu,MANYATTA,MBETI NORTH
Embu,MANYATTA,NGINDA
Embu,MANYATTA,RUGURU/NGANDORI
Embu,MBEERE NORTH,EVURORE
Embu,MBEERE NORTH,NTHAWA
Embu,MBEERE SOUTH,KIAMBERE
Embu,MBEERE SOUTH,MAVURIA
Embu,MBEERE SOUTH,MBETI SOUTH
Embu,MBEERE SOUTH,MWEA
Embu,NYERI TOWN,KAMAKWA/MUKARO
Embu,RUNYENJES,CENTRAL  WARD
Embu,RUNYENJES,GATURI NORTH
Embu,RUNYENJES,KAGAARI NORTH
Embu,RUNYENJES,KAGAARI SOUTH
Embu,RUNYENJES,KYENI NORTH
Embu,RUNYENJES,KYENI SOUTH
Embu,SOUTH IMENTI,NKUENE
Garissa,DADAAB,DADAAB
Garissa,GARISSA TOWNSHIP,GALBET
Garissa,GARISSA TOWNSHIP,IFTIN
Garissa,GARISSA TOWNSHIP,TOWNSHIP
Garissa,GARISSA TOWNSHIP,WABERI
Garissa,IJARA,MASALANI
Garissa,ISIOLO NORTH,WABERA
Garissa,LAGDERA,MODOGASHE
Garissa,MOYALE,MOYALE TOWNSHIP
Homa Bay,BONDO,YIMBO EAST
Homa Bay,HOMA BAY TOWN,HOMA BAY ARUJO
Homa Bay,HOMA BAY TOWN,HOMA BAY CENTRAL
Homa Bay,HOMA BAY TOWN,HOMA BAY WEST
Homa Bay,KABONDO KASIPUL,KABONDO EAST
Homa Bay,KABONDO KASIPUL,KABONDO WEST
Homa Bay,KABONDO KASIPUL,KOJWACH
Homa Bay,KAJIADO EAST,KITENGELA
Homa Bay,KAJIADO NORTH,ONGATA RONGAI
Homa Bay,KARACHUONYO,CENTRAL
Homa Bay,KARACHUONYO,KANYALUO
Homa Bay,KARACHUONYO,KENDU BAY TOWN
Homa Bay,KARACHUONYO,KIBIRI
Homa Bay,KARACHUONYO,NORTH KARACHUONYO
Homa Bay,KARACHUONYO,WANGCHIENG
Homa Bay,KARACHUONYO,WEST KARACHUONYO
Homa Bay,KASIPUL,CENTRAL KASIPUL
Homa Bay,KASIPUL,EAST KAMAGAK
Homa Bay,KASIPUL,SOUTH KASIPUL
Homa Bay,KASIPUL,WEST KAMAGAK
Homa Bay,KASIPUL,WEST KASIPUL
Homa Bay,KISUMU CENTRAL,MARKET MILIMANI
Homa Bay,KISUMU CENTRAL,NYALENDA B
Homa Bay,NDHIWA,KABUOCH NORTH
Homa Bay,NDHIWA,KABUOCH SOUTH/PALA
Homa Bay,NDHIWA,KANYAMWA KOLOGI
Homa Bay,NDHIWA,KANYAMWA KOSEWE
Homa Bay,NYARIBARI CHACHE,BOBARACHO
Homa Bay,RANGWE,EAST GEM
Homa Bay,RANGWE,KAGAN
Homa Bay,RANGWE,KOCHIA
Homa Bay,RANGWE,WEST GEM
Homa Bay,RONGO,CENTRAL KAMAGAMBO
Homa Bay,RUARAKA,MATHARE NORTH
Homa Bay,SUBA NORTH,KASGUNGA
Homa Bay,SUBA NORTH,MFANGANO ISLAND
Homa Bay,SUBA NORTH,RUSINGA ISLAND
Homa Bay,SUBA SOUTH,GWASSI SOUTH
Homa Bay,SUBA SOUTH,KAKSINGRI WEST
Isiolo,ISIOLO NORTH,BULLA PESA
Isiolo,ISIOLO NORTH,WABERA
Isiolo,ISIOLO SOUTH,GARBATULLA
Isiolo,ISIOLO SOUTH,KINNA
Isiolo,ISIOLO SOUTH,SERICHO
Kajiado,CHANGAMWE,CHAANI
Kajiado,DAGORETTI SOUTH,NGANDO
Kajiado,JUJA,JUJA
Kajiado,KAJIADO CENTRAL,DALALEKUTUK
Kajiado,KAJIADO CENTRAL,ILDAMAT
Kajiado,KAJIADO CENTRAL,MATAPATO NORTH
Kajiado,KAJIADO CENTRAL,MATAPATO SOUTH
Kajiado,KAJIADO CENTRAL,PURKO
Kajiado,KAJIADO EAST,KAPUTIEI NORTH
Kajiado,KAJIADO EAST,KENYAWA-POKA
Kajiado,KAJIADO EAST,KITENGELA
Kajiado,KAJIADO EAST,OLOOSIRKON/SHOLINKE
Kajiado,KAJIADO NORTH,NGONG
Kajiado,KAJIADO NORTH,NKAIMURUNYA
Kajiado,KAJIADO NORTH,OLKERI
Kajiado,KAJIADO NORTH,OLOOLUA
Kajiado,KAJIADO NORTH,ONGATA RONGAI
Kajiado,KAJIADO SOUTH,KIMANA
Kajiado,KAJIADO SOUTH,KUKU
Kajiado,KAJIADO SOUTH,ROMBO
Kajiado,KAJIADO WEST,EWUASO OoNKIDONG'I
Kajiado,KAJIADO WEST,KEEKONYOKIE
Kajiado,KILOME,KASIKEU
Kajiado,LANGATA,KAREN
Kajiado,MOIBEN,KIMUMU
Kajiado,MSAMBWENI,UKUNDA
Kajiado,NAROK NORTH,NAROK TOWN
Kajiado,SOTIK,KAPLETUNDO
Kajiado,THIKA TOWN,KAMENU
Kakamega,BUTERE,MARAMA CENTRAL
Kakamega,BUTERE,MARAMA NORTH
Kakamega,BUTERE,MARAMA WEST
Kakamega,BUTERE,MARENYO - SHIANDA
Kakamega,EMUHAYA,NORTH EAST BUNYORE
Kakamega,IKOLOMANI,IDAKHO CENTRAL
Kakamega,IKOLOMANI,IDAKHO SOUTH
Kakamega,KANDUYI,KHALABA
Kakamega,KHWISERO,KISA CENTRAL
Kakamega,KHWISERO,KISA NORTH
Kakamega,KISUMU EAST,KAJULU
Kakamega,LANGATA,NYAYO HIGHRISE
Kakamega,LIKUYANI,KONGONI
Kakamega,LIKUYANI,LIKUYANI
Kakamega,LIKUYANI,NZOIA
Kakamega,LUGARI,CHEKALINI
Kakamega,LUGARI,CHEVAYWA
Kakamega,LUGARI,LUGARI
Kakamega,LUGARI,LUMAKANDA
Kakamega,LUGARI,LWANDETI
Kakamega,LURAMBI,BUTSOTSO CENTRAL
Kakamega,LURAMBI,BUTSOTSO EAST
Kakamega,LURAMBI,BUTSOTSO SOUTH
Kakamega,LURAMBI,MAHIAKALO
Kakamega,LURAMBI,SHEYWE
Kakamega,LURAMBI,SHIRERE
Kakamega,MALAVA,BUTALI/CHEGULO
Kakamega,MALAVA,CHEMUCHE
Kakamega,MALAVA,EAST KABRAS
Kakamega,MALAVA,MANDA-SHIVANGA
Kakamega,MALAVA,SHIRUGU-MUGAI
Kakamega,MALAVA,SOUTH KABRAS
Kakamega,MATAYOS,BURUMBA
Kakamega,MATUNGU,KHOLERA
Kakamega,MATUNGU,KOYONZO
Kakamega,MATUNGU,MAYONI
Kakamega,MATUNGU,NAMAMALI
Kakamega,MUMIAS EAST,EAST WANGA
Kakamega,MUMIAS EAST,LUSHEYA/LUBINU
Kakamega,MUMIAS EAST,MALAHA/ISONGO/MAKUNGA
Kakamega,MUMIAS WEST,ETENJE
Kakamega,MUMIAS WEST,MUMIAS CENTRAL
Kakamega,MUMIAS WEST,MUSANDA
Kakamega,MVITA,SHIMANZI/GANJONI
Kakamega,MWEA,TEBERE
Kakamega,NAVAKHOLO,BUNYALA CENTRAL
Kakamega,NORTH IMENTI,MUNICIPALITY
Kakamega,SHINYALU,ISUKHA CENTRAL
Kakamega,SHINYALU,ISUKHA EAST
Kakamega,SHINYALU,ISUKHA NORTH
Kakamega,SHINYALU,ISUKHA SOUTH
Kakamega,SHINYALU,ISUKHA WEST
Kakamega,SHINYALU,MURHANDA
Kakamega,TURBO,NGENYILEL
Kericho,AINAMOI,AINAMOI
Kericho,AINAMOI,KAPKUGERWET
Kericho,AINAMOI,KAPSOIT
Kericho,AINAMOI,KIPCHEBOR
Kericho,AINAMOI,KIPCHIMCHIM
Kericho,BELGUT,CHAIK
Kericho,BELGUT,CHEPTORORIET/SERETUT
Kericho,BELGUT,KABIANGA
Kericho,BELGUT,KAPSUSER
Kericho,BELGUT,WALDAI
Kericho,BURETI,CHEMOSOT
Kericho,BURETI,KAPKATET
Kericho,BURETI,KISIARA
Kericho,BURETI,LITEIN
Kericho,HOMA BAY TOWN,HOMA BAY CENTRAL
Kericho,KIPKELION EAST,CHEPSEON
Kericho,KIPKELION EAST,LONDIANI
Kericho,KIPKELION WEST,CHILCHILA
Kericho,KIPKELION WEST,KIPKELION
Kericho,NAKURU TOWN WEST,LONDON
Kericho,SIGOWET/SOIN,KAPLELARTET
Kericho,SIGOWET/SOIN,SIGOWET
Kericho,SIGOWET/SOIN,SOIN
Kiambu,EMBAKASI EAST,EMBAKASI
Kiambu,GATANGA,GATANGA
Kiambu,GATANGA,KIHUMBU-INI
Kiambu,GATANGA,MUGUMO-INI
Kiambu,GATUNDU NORTH,CHANIA
Kiambu,GATUNDU NORTH,GITHOBOKONI
Kiambu,GATUNDU NORTH,GITUAMBA
Kiambu,GATUNDU NORTH,JUJA
Kiambu,GATUNDU NORTH,MANG'U
Kiambu,GATUNDU SOUTH,KIAMWANGI
Kiambu,GATUNDU SOUTH,KIGANJO
Kiambu,GATUNDU SOUTH,NGENDA
Kiambu,GICHUGU,KABARE
Kiambu,GITHUNGURI,GITHIGA
Kiambu,GITHUNGURI,GITHUNGURI
Kiambu,GITHUNGURI,IKINU
Kiambu,GITHUNGURI,KOMOTHAI
Kiambu,GITHUNGURI,NGEWA
Kiambu,JUJA,JUJA
Kiambu,JUJA,KALIMONI
Kiambu,JUJA,MURERA
Kiambu,JUJA,THETA
Kiambu,JUJA,WITEITHIE
Kiambu,KABETE,GITARU
Kiambu,KABETE,KABETE
Kiambu,KABETE,MUGUGA
Kiambu,KABETE,NYADHUNA
Kiambu,KABETE,UTHIRU
Kiambu,KAITI,UKIA
Kiambu,KAJIADO EAST,KITENGELA
Kiambu,KANDARA,KAGUNDU-INI
Kiambu,KIAMBAA,CIANDA
Kiambu,KIAMBAA,KARURI
Kiambu,KIAMBAA,KIHARA
Kiambu,KIAMBAA,MUCHATHA
Kiambu,KIAMBAA,NDENDERU
Kiambu,KIAMBU,NDUMBERI
Kiambu,KIAMBU,RIABAI
Kiambu,KIAMBU,TING'ANG'A
Kiambu,KIAMBU,TOWNSHIP
Kiambu,KIKUYU,KARAI
Kiambu,KIKUYU,KIKUYU
Kiambu,KIKUYU,KINOO
Kiambu,KIKUYU,NACHU
Kiambu,KIKUYU,SIGONA
Kiambu,KURIA WEST,ISIBANIA
Kiambu,LARI,KAMBURU
Kiambu,LARI,KIJABE
Kiambu,LARI,KINALE
Kiambu,LARI,LARI/KIRENGA
Kiambu,LARI,NYANDUMA
Kiambu,LIMURU,BIBIRIONI
Kiambu,LIMURU,LIMURU CENTRAL
Kiambu,LIMURU,LIMURU EAST
Kiambu,LIMURU,NDEIYA
Kiambu,LIMURU,NGECHA TIGONI
Kiambu,MANYATTA,KIRIMARI
Kiambu,NDARAGWA,CENTRAL
Kiambu,NDARAGWA,SHAMATA
Kiambu,NJORO,NJORO
Kiambu,OL JOROK,WERU
Kiambu,OTHAYA,KARIMA
Kiambu,ROYSAMBU,GITHURAI
Kiambu,ROYSAMBU,KAHAWA WEST
Kiambu,RUARAKA,MATHARE NORTH
Kiambu,RUIRU,BIASHARA
Kiambu,RUIRU,GATONGORA
Kiambu,RUIRU,GITOTHUA
Kiambu,RUIRU,JUJA
Kiambu,RUIRU,KAHAWA SUKARI
Kiambu,RUIRU,KAHAWA WENDANI
Kiambu,RUIRU,KIUU
Kiambu,RUIRU,MWIHOKO
Kiambu,RUIRU,MWIKI
Kiambu,STAREHE,NAIROBI CENTRAL
Kiambu,TESO NORTH,ANG'URAI SOUTH
Kiambu,THIKA TOWN,GATUANYAGA
Kiambu,THIKA TOWN,HOSPITAL
Kiambu,THIKA TOWN,KAMENU
Kiambu,THIKA TOWN,NGOLIBA
Kiambu,THIKA TOWN,TOWNSHIP
Kiambu,WAJIR EAST,TOWNSHIP
Kiambu,WESTLANDS,KANGEMI
Kiambu,WESTLANDS,KARURA
Kiambu,WESTLANDS,PARKLANDS/HIGHRIDGE
Kilifi,GANZE,BAMBA
Kilifi,KALOLENI,KALOLENI
Kilifi,KALOLENI,MARIAKANI
Kilifi,KILIFI NORTH,DABASO
Kilifi,KILIFI NORTH,KIBARANI
Kilifi,KILIFI NORTH,MNARANI
Kilifi,KILIFI NORTH,SOKONI
Kilifi,KILIFI NORTH,TEZO
Kilifi,KILIFI NORTH,WATAMU
Kilifi,KILIFI SOUTH,CHASIMBA
Kilifi,KILIFI SOUTH,JUNJU
Kilifi,KILIFI SOUTH,MTEPENI
Kilifi,KILIFI SOUTH,SHIMO LA TEWA
Kilifi,KITUI RURAL,KWAVONZA/YATTA
Kilifi,LIKONI,LIKONI
Kilifi,MAGARINI,GONGONI
Kilifi,MAGARINI,MAGARINI
Kilifi,MAGARINI,MARAFA
Kilifi,MAGARINI,SABAKI
Kilifi,MALINDI,GANDA
Kilifi,MALINDI,MALINDI TOWN
Kilifi,MALINDI,SHELLA
Kilifi,NAKURU TOWN WEST,LONDON
Kilifi,RABAI,KAMBE/RIBE
Kilifi,RABAI,MWAWESA
Kilifi,RABAI,RABAI/KISURUTINI
Kirinyaga,GICHUGU,BARAGWI
Kirinyaga,GICHUGU,KABARE
Kirinyaga,GICHUGU,KARUMANDI
Kirinyaga,GICHUGU,NGARIAMA
Kirinyaga,GICHUGU,NJUKIINI
Kirinyaga,KIRINYAGA CENTRAL,INOI
Kirinyaga,KIRINYAGA CENTRAL,KANYEKINI
Kirinyaga,KIRINYAGA CENTRAL,KERUGOYA
Kirinyaga,KIRINYAGA CENTRAL,MUTIRA
Kirinyaga,MANYATTA,KIRIMARI
Kirinyaga,MBEERE NORTH,EVURORE
Kirinyaga,MBEERE SOUTH,MWEA
Kirinyaga,MWEA,GATHIGIRIRI
Kirinyaga,MWEA,KANGAI
Kirinyaga,MWEA,MURINDUKO
Kirinyaga,MWEA,MUTITHI
Kirinyaga,MWEA,NYANGATI
Kirinyaga,MWEA,TEBERE
Kirinyaga,MWEA,THIBA
Kirinyaga,MWEA,WAMUMU
Kirinyaga,NDIA,KARITI
Kirinyaga,NDIA,KIINE
Kirinyaga,NDIA,MUKURE
Kisii,BOBASI,BASI CENTRAL
Kisii,BOBASI,BOBASI CHACHE
Kisii,BOBASI,MASIGE EAST
Kisii,BOBASI,NYACHEKI
Kisii,BOBASI,SAMETA/MOKWERERO
Kisii,BOMACHOGE BORABU,BOKIMONGE
Kisii,BOMACHOGE BORABU,BOMBABA BORABU
Kisii,BOMACHOGE BORABU,BOOCHI BORABU
Kisii,BOMACHOGE BORABU,MAGENCHE
Kisii,BOMACHOGE CHACHE,BOOCHI/TENDERE
Kisii,BOMACHOGE CHACHE,BOSOTI/SENGERA
Kisii,BOMACHOGE CHACHE,MAJOGE BASI
Kisii,BONCHARI,BOGIAKUMU
Kisii,BONCHARI,BOMARIBA
Kisii,BONCHARI,BOMORENDA
Kisii,BONCHARI,RIANA
Kisii,EMBAKASI EAST,MIHANGO
Kisii,EMBAKASI WEST,MOWLEM
Kisii,KITUTU CHACHE NORTH,KEGOGI
Kisii,KITUTU CHACHE NORTH,MARANI
Kisii,KITUTU CHACHE NORTH,MONYERERO
Kisii,KITUTU CHACHE SOUTH,BOGEKA
Kisii,KITUTU CHACHE SOUTH,BOGUSERO
Kisii,KITUTU CHACHE SOUTH,KITUTU   CENTRAL
Kisii,KITUTU CHACHE SOUTH,NYAKOE
Kisii,KITUTU CHACHE SOUTH,NYATIEKO
Kisii,KITUTU MASABA,GESIMA
Kisii,LURAMBI,BUTSOTSO CENTRAL
Kisii,NYARIBARI CHACHE,BIRONGO
Kisii,NYARIBARI CHACHE,BOBARACHO
Kisii,NYARIBARI CHACHE,KEUMBU
Kisii,NYARIBARI CHACHE,KISII CENTRAL
Kisii,NYARIBARI MASABA,GESUSU
Kisii,NYARIBARI MASABA,ICHUNI
Kisii,NYARIBARI MASABA,KIAMOKAMA
Kisii,NYARIBARI MASABA,MASIMBA
Kisii,SOUTH MUGIRANGO,BOGETENGA
Kisii,SOUTH MUGIRANGO,BOIKANG'A
Kisii,SOUTH MUGIRANGO,BORABU / CHITAGO
Kisii,SOUTH MUGIRANGO,GETENGA
Kisii,SOUTH MUGIRANGO,MOTICHO
Kisii,SOUTH MUGIRANGO,TABAKA
Kisii,SUNA EAST,SUNA CENTRAL
Kisumu,AINABKOI,KAPTAGAT
Kisumu,JOMVU,JOMVU KUU
Kisumu,KISUMU CENTRAL,KONDELE
Kisumu,KISUMU CENTRAL,MARKET MILIMANI
Kisumu,KISUMU CENTRAL,MIGOSI
Kisumu,KISUMU CENTRAL,NYALENDA B
Kisumu,KISUMU CENTRAL,RAILWAYS
Kisumu,KISUMU CENTRAL,SHAURIMOYO KALOLENI
Kisumu,KISUMU EAST,KAJULU
Kisumu,KISUMU EAST,KOLWA CENTRAL
Kisumu,KISUMU EAST,KOLWA EAST
Kisumu,KISUMU EAST,MANYATTA 'B'
Kisumu,KISUMU EAST,NYALENDA 'A'
Kisumu,KISUMU WEST,CENTRAL KISUMU
Kisumu,KISUMU WEST,KISUMU NORTH
Kisumu,KISUMU WEST,NORTH WEST KISUMU
Kisumu,KISUMU WEST,SOUTH WEST KISUMU
Kisumu,KISUMU WEST,WEST KISUMU
Kisumu,Kisumu Central,Kisumu
Kisumu,MATAYOS,BURUMBA
Kisumu,MUHORONI,CHEMELIL
Kisumu,MUHORONI,MUHORONI/KORU
Kisumu,MUHORONI,OMBEYI
Kisumu,NYAKACH,CENTRAL NYAKACH
Kisumu,NYAKACH,NORTH NYAKACH
Kisumu,NYAKACH,SOUTH EAST NYAKACH
Kisumu,NYAKACH,SOUTH WEST NYAKACH
Kisumu,NYAKACH,WEST NYAKACH
Kisumu,NYANDO,AHERO
Kisumu,NYANDO,AWASI/ONJIKO
Kisumu,NYANDO,KABONYO/KANYAGWAL
Kisumu,NYANDO,KOBURA
Kisumu,SEME,CENTRAL SEME
Kisumu,SEME,NORTH SEME
Kisumu,SEME,WEST SEME
Kisumu,SHINYALU,ISUKHA WEST
Kitui,CHANGAMWE,PORT REITZ
Kitui,KITUI CENTRAL,KYANGWITHYA EAST
Kitui,KITUI CENTRAL,KYANGWITHYA WEST
Kitui,KITUI CENTRAL,MULANGO
Kitui,KITUI CENTRAL,TOWNSHIP
Kitui,KITUI EAST,CHULUNI
Kitui,KITUI EAST,MUTITO/KALIKU
Kitui,KITUI EAST,NZAMBANI
Kitui,KITUI EAST,ZOMBE/MWITIKA
Kitui,KITUI RURAL,KISASI
Kitui,KITUI RURAL,KWAVONZA/YATTA
Kitui,KITUI RURAL,MBITINI
Kitui,KITUI SOUTH,IKANGA/KYATUNE
Kitui,KITUI SOUTH,IKUTHA
Kitui,KITUI SOUTH,MUTOMO
Kitui,KITUI WEST,KAUWI
Kitui,KITUI WEST,MATINYANI
Kitui,KITUI WEST,MUTONGUNI
Kitui,MBEERE SOUTH,MWEA
Kitui,MWINGI CENTRAL,CENTRAL
Kitui,MWINGI CENTRAL,KIVOU
Kitui,MWINGI CENTRAL,NGUNI
Kitui,MWINGI CENTRAL,WAITA
Kitui,MWINGI NORTH,KYUSO
Kitui,MWINGI NORTH,TSEIKURU
Kitui,MWINGI WEST,MIGWANI
Kitui,RUIRU,KAHAWA WENDANI
Kitui,YATTA,MATUU
Kwale,KANDUYI,TOWNSHIP
Kwale,KIBWEZI EAST,MTITO ANDEI
Kwale,KINANGO,CHENGONI/SAMBURU
Kwale,KINANGO,KASEMENI
Kwale,KINANGO,KINANGO
Kwale,KINANGO,MACKINNON ROAD
Kwale,KINANGO,MWAVUMBO
Kwale,LIKONI,LIKONI
Kwale,LUNGALUNGA,VANGA
Kwale,MATUGA,KYENI SOUTH
Kwale,MATUGA,TSIMBA GOLINI
Kwale,MATUGA,WAA
Kwale,MSAMBWENI,GOMBATO BONGWE
Kwale,MSAMBWENI,KINONDO
Kwale,MSAMBWENI,RAMISI
Kwale,MSAMBWENI,UKUNDA
Kwale,MVITA,SHIMANZI/GANJONI
Kwale,NYALI,FRERE TOWN
Laikipia,KIENI,MWIYOGO/ENDARASHA
Laikipia,KIPKELION WEST,KIPKELION
Laikipia,LAIKIPIA EAST,NANYUKI
Laikipia,LAIKIPIA EAST,NGOBIT
Laikipia,LAIKIPIA EAST,THINGITHU
Laikipia,LAIKIPIA NORTH,SEGERA
Laikipia,LAIKIPIA NORTH,SOSIAN
Laikipia,LAIKIPIA WEST,GITHIGA
Laikipia,LAIKIPIA WEST,IGWAMITI
Laikipia,LAIKIPIA WEST,MARMANET
Laikipia,LAIKIPIA WEST,OL-MORAN
Laikipia,LAIKIPIA WEST,RUMURUTI TOWNSHIP
Laikipia,LAIKIPIA WEST,SALAMA
Laikipia,NAKURU TOWN EAST,NAKURU EAST
Lamu,LAMU WEST,BAHARI
Lamu,LAMU WEST,HINDI
Lamu,LAMU WEST,MKOMANI
Lamu,LAMU WEST,SHELLA
Lamu,LAMU WEST,WITU
Machakos,EMBAKASI SOUTH,PIPELINE
Machakos,GATANGA,GATANGA
Machakos,KAJIADO EAST,KITENGELA
Machakos,KANGUNDO,KANGUNDO CENTRAL
Machakos,KANGUNDO,KANGUNDO EAST
Machakos,KANGUNDO,KANGUNDO WEST
Machakos,KATHIANI,KATHIANI CENTRAL
Machakos,KATHIANI,LOWER KAEWA/KAANI
Machakos,KATHIANI,MITABONI
Machakos,KATHIANI,UPPER KAEWA/IVETI
Machakos,KITUI CENTRAL,TOWNSHIP
Machakos,KITUI SOUTH,IKANGA/KYATUNE
Machakos,MACHAKOS TOWN,KALAMA
Machakos,MACHAKOS TOWN,KOLA
Machakos,MACHAKOS TOWN,MACHAKOS CENTRAL
Machakos,MACHAKOS TOWN,MUA
Machakos,MACHAKOS TOWN,MUMBUNI NORTH
Machakos,MACHAKOS TOWN,MUTITUNI
Machakos,MACHAKOS TOWN,MUVUTI/KIIMA-KIMWE
Machakos,MAKADARA,KINANIE
Machakos,MAKUENI,MAVINDINI
Machakos,MASINGA,EKALAKALA
Machakos,MASINGA,KIVAA
Machakos,MASINGA,MASINGA CENTRAL
Machakos,MASINGA,NDITHINI
Machakos,MATUNGULU,MATUNGULU EAST
Machakos,MATUNGULU,MATUNGULU NORTH
Machakos,MATUNGULU,MATUNGULU WEST
Machakos,MATUNGULU,TALA
Machakos,MAVOKO,ATHI RIVER
Machakos,MAVOKO,KINANIE
Machakos,MAVOKO,MUTHWANI
Machakos,MAVOKO,SYOKIMAU/MULOLONGO
Machakos,MWALA,KIBAUNI
Machakos,MWALA,MAKUTANO/ MWALA
Machakos,MWALA,MASII
Machakos,MWALA,MBIUNI
Machakos,MWALA,WAMUNYU
Machakos,NORTH IMENTI,MUNICIPALITY
Machakos,YATTA,KATANGI
Machakos,YATTA,KITHIMANI
Machakos,YATTA,MATUU
Machakos,YATTA,NDALANI
Makueni,KAITI,KILUNGU
Makueni,KAITI,UKIA
Makueni,KAJIADO EAST,KENYAWA-POKA
Makueni,KIBWEZI EAST,IVINGONI/NZAMBANI
Makueni,KIBWEZI EAST,MTITO ANDEI
Makueni,KIBWEZI EAST,THANGE
Makueni,KIBWEZI WEST,EMALI/MULALA
Makueni,KIBWEZI WEST,KIKUMBULYU NORTH
Makueni,KIBWEZI WEST,KIKUMBULYU SOUTH
Makueni,KIBWEZI WEST,MAKINDU
Makueni,KIBWEZI WEST,NGUUMO
Makueni,KILOME,KASIKEU
Makueni,KILOME,KIIMA KIU/KALANZONI
Makueni,KILOME,MUKAA
Makueni,KITUI SOUTH,IKUTHA
Makueni,MAKUENI,KATHONZWENI
Makueni,MAKUENI,MUVAU/KIKUUMINI
Makueni,MAKUENI,NZAUI/KILILI/KALAMBA
Makueni,MAKUENI,WOTE
Makueni,MBOONI,KALAWA
Makueni,MBOONI,MBOONI
Makueni,THIKA TOWN,KAMENU
Mandera,BANISSA,BANISSA
Mandera,ISIOLO NORTH,BULLA PESA
Mandera,LAFEY,ALANGO GOF
Mandera,LAFEY,FINO
Mandera,LAFEY,LAFEY
Mandera,LAFEY,WARANQARA
Mandera,MANDERA EAST,ARABIA
Mandera,MANDERA EAST,BULLA MPYA
Mandera,MANDERA EAST,KHALALIO
Mandera,MANDERA EAST,NEBOI
Mandera,MANDERA EAST,TOWNSHIP
Mandera,MANDERA NORTH,ASHABITO
Mandera,MANDERA NORTH,RHAMU
Mandera,MANDERA NORTH,RHAMU-DIMTU
Mandera,MANDERA SOUTH,ELWAK NORTH
Mandera,MANDERA SOUTH,ELWAK SOUTH
Mandera,MANDERA SOUTH,KUTULO
Mandera,MANDERA SOUTH,SHIMBIR FATUMA
Mandera,MANDERA SOUTH,WARGADUD
Mandera,MANDERA WEST,DANDU
Mandera,MANDERA WEST,GITHER
Mandera,MANDERA WEST,TAKABA
Mandera,MANDERA WEST,TAKABA SOUTH
Marsabit,LAISAMIS,LAISAMIS
Marsabit,MOYALE,BUTIYE
Marsabit,MOYALE,HEILLU/MANYATTA
Marsabit,MOYALE,MOYALE TOWNSHIP
Marsabit,MOYALE,SOLOLO
Marsabit,SAKU,MARSABIT CENTRAL
Meru,BUURI,KIBIRICHIA
Meru,BUURI,KIIRUA/NAARI
Meru,BUURI,KISIMA
Meru,BUURI,RUIRI/RWARERA
Meru,BUURI,TIMAU
Meru,CENTRAL IMENTI,ABOTHUGUCHI CENTRAL
Meru,CENTRAL IMENTI,ABOTHUGUCHI WEST
Meru,CENTRAL IMENTI,KIAGU
Meru,CENTRAL IMENTI,MWANGANTHIA
Meru,IGEMBE CENTRAL,AKIRANG'ONDU
Meru,IGEMBE CENTRAL,ATHIRU RUUJINE
Meru,IGEMBE CENTRAL,IGEMBE EAST
Meru,IGEMBE CENTRAL,KANGETA
Meru,IGEMBE NORTH,ANTUAMBUI
Meru,IGEMBE NORTH,NAATHU
Meru,IGEMBE NORTH,NTUNENE
Meru,IGEMBE SOUTH,ATHIRU GAITI
Meru,IGEMBE SOUTH,KANUNI
Meru,IGEMBE SOUTH,KIEGOI/ANTUBOCHIU
Meru,IGEMBE SOUTH,MAUA
Meru,KASARANI,NJIRU
Meru,NORTH IMENTI,MUNICIPALITY
Meru,NORTH IMENTI,NTIMA EAST
Meru,NORTH IMENTI,NTIMA WEST
Meru,NORTH IMENTI,NYAKI EAST
Meru,NORTH IMENTI,NYAKI WEST
Meru,SOUTH IMENTI,ABOGETA EAST
Meru,SOUTH IMENTI,ABOGETA WEST
Meru,SOUTH IMENTI,IGOJI EAST
Meru,SOUTH IMENTI,IGOJI WEST
Meru,SOUTH IMENTI,MITUNGUU
Meru,SOUTH IMENTI,NKUENE
Meru,STAREHE,NAIROBI CENTRAL
Meru,THIKA TOWN,KAMENU
Meru,TIGANIA EAST,KARAMA
Meru,TIGANIA EAST,KIGUCHWA
Meru,TIGANIA EAST,MIKINDURI
Meru,TIGANIA EAST,MUTHARA
Meru,TIGANIA WEST,KIANJAI
Meru,TIGANIA WEST,NKOMO
Meru,VOI,KALOLENI
Migori,AWENDO,CENTRAL SAKWA
Migori,AWENDO,NORTH SAKWA
Migori,AWENDO,SOUTH SAKWA
Migori,BARINGO CENTRAL,KABARNET
Migori,HOMA BAY TOWN,HOMA BAY CENTRAL
Migori,HOMA BAY TOWN,HOMA BAY EAST
Migori,KISUMU EAST,KOLWA CENTRAL
Migori,KURIA EAST,NTIMARU WEST
Migori,KURIA EAST,NYABASI WEST
Migori,KURIA WEST,BUKIRA CENTRL/IKEREGE
Migori,KURIA WEST,BUKIRA EAST
Migori,KURIA WEST,ISIBANIA
Migori,KURIA WEST,NYAMOSENSE/KOMOSOKO
Migori,KURIA WEST,TAGARE
Migori,NYATIKE,KACHIEN'G
Migori,NYATIKE,KANYASA
Migori,NYATIKE,MACALDER/KANYARWANDA
Migori,NYATIKE,MUHURU
Migori,RONGO,CENTRAL KAMAGAMBO
Migori,RONGO,EAST KAMAGAMBO
Migori,RONGO,NORTH KAMAGAMBO
Migori,RONGO,SOUTH KAMAGAMBO
Migori,SUNA EAST,GOD JOPE
Migori,SUNA EAST,KWA
Migori,SUNA EAST,SUNA CENTRAL
Migori,SUNA WEST,RAGANA-ORUBA
Migori,SUNA WEST,WIGA
Migori,URIRI,CENTRAL KANYAMKAGO
Migori,URIRI,EAST KANYAMKAGO
Migori,URIRI,NORTH KANYAMKAGO
Migori,URIRI,SOUTH KANYAMKAGO
Migori,URIRI,WEST KANYAMKAGO
Mombasa,CHANGAMWE,AIRPORT
Mombasa,CHANGAMWE,CHAANI
Mombasa,CHANGAMWE,CHANGAMWE
Mombasa,CHANGAMWE,KIPEVU
Mombasa,CHANGAMWE,PORT REITZ
Mombasa,JOMVU,JOMVU KUU
Mombasa,JOMVU,MIKINDANI
Mombasa,JOMVU,MIRITINI
Mombasa,KALOLENI,MARIAKANI
Mombasa,KAPSERET,KIPKENYO
Mombasa,KILIFI NORTH,SOKONI
Mombasa,KILIFI SOUTH,SHIMO LA TEWA
Mombasa,KISAUNI,BAMBURI
Mombasa,KISAUNI,JUNDA
Mombasa,KISAUNI,MAGOGONI
Mombasa,KISAUNI,MJAMBERE
Mombasa,KISAUNI,MTOPANGA
Mombasa,KISAUNI,SHANZU
Mombasa,LAMU WEST,HINDI
Mombasa,LANGATA,KAREN
Mombasa,LANGATA,SOUTH C
Mombasa,LIKONI,BOFU
Mombasa,LIKONI,LIKONI
Mombasa,LIKONI,MTONGWE
Mombasa,LIKONI,SHIKA ADABU
Mombasa,LIKONI,TIMBWANI
Mombasa,MACHAKOS TOWN,MACHAKOS CENTRAL
Mombasa,MVITA,MAJENGO
Mombasa,MVITA,MJI WA KALE/MAKADARA
Mombasa,MVITA,SHIMANZI/GANJONI
Mombasa,MVITA,TONONOKA
Mombasa,MVITA,TUDOR
Mombasa,Mvita,Mvita
Mombasa,NYALI,FRERE TOWN
Mombasa,NYALI,KADZANDANI
Mombasa,NYALI,KONGOWEA
Mombasa,NYALI,MKOMANI
Mombasa,NYALI,ZIWA LA NG'OMBE
Mombasa,STAREHE,NAIROBI CENTRAL
Mombasa,TIGANIA EAST,MUTHARA
Murang'a,EMBAKASI EAST,EMBAKASI
Murang'a,GATANGA,GATANGA
Murang'a,GATANGA,ITHANGA
Murang'a,GATANGA,KARIARA
Murang'a,GATANGA,KIHUMBU-INI
Murang'a,GATANGA,MUGUMO-INI
Murang'a,KANDARA,GAICHANJIRU
Murang'a,KANDARA,ITHIRU
Murang'a,KANDARA,KAGUNDU-INI
Murang'a,KANDARA,MURUKA
Murang'a,KANDARA,RUCHU
Murang'a,KANGEMA,MUGURU
Murang'a,KASARANI,CLAY CITY
Murang'a,KIGUMO,KANGARI
Murang'a,KIGUMO,KIGUMO
Murang'a,KIGUMO,MUTHITHI
Murang'a,KIHARU,GATURI
Murang'a,KIHARU,MBIRI
Murang'a,KIHARU,MUGOIRI
Murang'a,KIHARU,TOWNSHIP
Murang'a,KIHARU,WANGU
Murang'a,LAIKIPIA EAST,NANYUKI
Murang'a,MARAGWA,ICHAGAKI
Murang'a,MARAGWA,KAMAHUHA
Murang'a,MARAGWA,KAMBITI
Murang'a,MARAGWA,KIMORORI/WEMPA
Murang'a,MARAGWA,MAKUYU
Murang'a,MARAGWA,NGINDA
Murang'a,MATHIOYA,KAMACHARIA
Murang'a,MATHIOYA,KIRU
Murang'a,RANGWE,KOCHIA
Nairobi,AINABKOI,KAPSOYA
Nairobi,BARINGO CENTRAL,SACHO
Nairobi,DADAAB,DADAAB
Nairobi,DAGORETTI NORTH,EMBAKASI
Nairobi,DAGORETTI NORTH,GATINA
Nairobi,DAGORETTI NORTH,KABIRO
Nairobi,DAGORETTI NORTH,KAWANGWARE
Nairobi,DAGORETTI NORTH,KILELESHWA
Nairobi,DAGORETTI NORTH,KILIMANI
Nairobi,DAGORETTI NORTH,NAIROBI CENTRAL
Nairobi,DAGORETTI NORTH,UTAWALA
Nairobi,DAGORETTI SOUTH,MUTU-INI
Nairobi,DAGORETTI SOUTH,NGANDO
Nairobi,DAGORETTI SOUTH,RIRUTA
Nairobi,DAGORETTI SOUTH,UTHIRU/RUTHIMITU
Nairobi,DAGORETTI SOUTH,WAITHAKA
Nairobi,EMBAKASI CENTRAL,IMARA DAIMA
Nairobi,EMBAKASI CENTRAL,KAYOLE CENTRAL
Nairobi,EMBAKASI CENTRAL,KAYOLE NORTH
Nairobi,EMBAKASI CENTRAL,KAYOLE SOUTH
Nairobi,EMBAKASI CENTRAL,KOMAROCK
Nairobi,EMBAKASI CENTRAL,MATOPENI/SPRING VALLEY
Nairobi,EMBAKASI EAST,EMBAKASI
Nairobi,EMBAKASI EAST,LOWER SAVANNAH
Nairobi,EMBAKASI EAST,MIHANGO
Nairobi,EMBAKASI EAST,UPPER SAVANNAH
Nairobi,EMBAKASI EAST,UTAWALA
Nairobi,EMBAKASI NORTH,DANDORA AREA I
Nairobi,EMBAKASI NORTH,DANDORA AREA II
Nairobi,EMBAKASI NORTH,DANDORA AREA III
Nairobi,EMBAKASI NORTH,DANDORA AREA IV
Nairobi,EMBAKASI NORTH,KARIOBANGI NORTH
Nairobi,EMBAKASI SOUTH,IMARA DAIMA
Nairobi,EMBAKASI SOUTH,KWA NJENGA
Nairobi,EMBAKASI SOUTH,KWA REUBEN
Nairobi,EMBAKASI SOUTH,KWARE
Nairobi,EMBAKASI SOUTH,NJIRU
Nairobi,EMBAKASI SOUTH,PIPELINE
Nairobi,EMBAKASI WEST,KARIOBANGI SOUTH
Nairobi,EMBAKASI WEST,MOWLEM
Nairobi,EMBAKASI WEST,UMOJA I
Nairobi,EMBAKASI WEST,UMOJA II
Nairobi,Embakasi,Embakasi
Nairobi,GALOLE,MIKINDUNI
Nairobi,GARISSA TOWNSHIP,TOWNSHIP
Nairobi,KABETE,KABETE
Nairobi,KAJIADO EAST,KITENGELA
Nairobi,KAJIADO NORTH,NGONG
Nairobi,KAJIADO NORTH,NKAIMURUNYA
Nairobi,KAJIADO NORTH,ONGATA RONGAI
Nairobi,KAMUKUNJI,AIRBASE
Nairobi,KAMUKUNJI,CALIFORNIA
Nairobi,KAMUKUNJI,EASTLEIGH NORTH
Nairobi,KAMUKUNJI,EASTLEIGH SOUTH
Nairobi,KAMUKUNJI,PUMWANI
Nairobi,KANDARA,RUCHU
Nairobi,KANGUNDO,KANGUNDO CENTRAL
Nairobi,KASARANI,CLAY CITY
Nairobi,KASARANI,KASARANI
Nairobi,KASARANI,MWIKI
Nairobi,KASARANI,NJIRU
Nairobi,KASARANI,RUAI
Nairobi,KIAMBAA,KIHARA
Nairobi,KIAMBU,TOWNSHIP
Nairobi,KIBRA,LAINI SABA
Nairobi,KIBRA,LINDI
Nairobi,KIBRA,MAKINA
Nairobi,KIBRA,SARANGOMBE
Nairobi,KIBRA,WOODLEY/KENYATTA GOLF COURSE
Nairobi,KIBWEZI WEST,EMALI/MULALA
Nairobi,KIKUYU,KIKUYU
Nairobi,KIKUYU,KINOO
Nairobi,KIKUYU,NACHU
Nairobi,KILIFI NORTH,SOKONI
Nairobi,KILIFI SOUTH,MTEPENI
Nairobi,KISUMU WEST,NORTH WEST KISUMU
Nairobi,KITUI CENTRAL,MULANGO
Nairobi,KITUTU CHACHE SOUTH,NYAKOE
Nairobi,LAIKIPIA WEST,IGWAMITI
Nairobi,LAIKIPIA WEST,MARMANET
Nairobi,LANGATA,KAREN
Nairobi,LANGATA,MUGUMU-INI
Nairobi,LANGATA,NAIROBI WEST
Nairobi,LANGATA,NYAYO HIGHRISE
Nairobi,LANGATA,SOUTH C
Nairobi,LARI,KIJABE
Nairobi,LIMURU,LIMURU CENTRAL
Nairobi,MACHAKOS TOWN,MACHAKOS CENTRAL
Nairobi,MAKADARA,HARAMBEE
Nairobi,MAKADARA,MAKONGENI
Nairobi,MAKADARA,MARINGO/HAMZA
Nairobi,MAKADARA,VIWANDANI
Nairobi,MATHARE,HOSPITAL
Nairobi,MATHARE,HURUMA
Nairobi,MATHARE,KIAMAIKO
Nairobi,MATHARE,MABATINI
Nairobi,MATHARE,MLANGO KUBWA
Nairobi,MATHARE,NGEI
Nairobi,MATUNGULU,MATUNGULU EAST
Nairobi,MAVOKO,ATHI RIVER
Nairobi,MAVOKO,MUTHWANI
Nairobi,MAVOKO,SYOKIMAU/MULOLONGO
Nairobi,MBOONI,KITHUNGO/KITUNDU
Nairobi,MWEA,NYANGATI
Nairobi,NAROK NORTH,NAROK TOWN
Nairobi,NDARAGWA,SHAMATA
Nairobi,RARIEDA,WEST UYOMA
Nairobi,ROYSAMBU,GITHURAI
Nairobi,ROYSAMBU,KAHAWA
Nairobi,ROYSAMBU,KAHAWA WEST
Nairobi,ROYSAMBU,ROYSAMBU
Nairobi,ROYSAMBU,ZIMMERMAN
Nairobi,RUARAKA,BABA DOGO
Nairobi,RUARAKA,LUCKY SUMMER
Nairobi,RUARAKA,MATHARE NORTH
Nairobi,RUARAKA,UTALII
Nairobi,RUIRU,GITOTHUA
Nairobi,RUIRU,KAHAWA SUKARI
Nairobi,RUIRU,KAHAWA WENDANI
Nairobi,RUIRU,MWIKI
Nairobi,STAREHE,LANDIMAWE
Nairobi,STAREHE,NAIROBI CENTRAL
Nairobi,STAREHE,NAIROBI SOUTH
Nairobi,STAREHE,NGARA
Nairobi,STAREHE,PANGANI
Nairobi,STAREHE,UTALII
Nairobi,STAREHE,ZIWANI/KARIOKOR
Nairobi,SUBUKIA,SUBUKIA
Nairobi,THIKA TOWN,TOWNSHIP
Nairobi,TONGAREN,NAITIRI/KABUYEFWE
Nairobi,TURBO,HURUMA
Nairobi,TURBO,NGONG
Nairobi,WESTLANDS,BABA DOGO
Nairobi,WESTLANDS,KANGEMI
Nairobi,WESTLANDS,KARURA
Nairobi,WESTLANDS,KITISURU
Nairobi,WESTLANDS,MOUNTAIN VIEW
Nairobi,WESTLANDS,PARKLANDS/HIGHRIDGE
Nakuru,BAHATI,BAHATI
Nakuru,BAHATI,DUNDORI
Nakuru,BAHATI,KABATINI
Nakuru,BAHATI,KIAMAINA
Nakuru,BAHATI,LANET/UMOJA
Nakuru,ELDAMA RAVINE,KOIBATEK
Nakuru,GEM,SOUTH GEM
Nakuru,GILGIL,ELEMENTAITA
Nakuru,GILGIL,GILGIL
Nakuru,GILGIL,MALEWA WEST
Nakuru,GILGIL,MBARUK/EBURU
Nakuru,GILGIL,MURINDATI
Nakuru,KESSES,RACECOURSE
Nakuru,KIHARU,TOWNSHIP
Nakuru,KINANGOP,MURUNGARU
Nakuru,KURESOI NORTH,KAMARA
Nakuru,KURESOI NORTH,NYOTA
Nakuru,KURESOI NORTH,SIRIKWA
Nakuru,KURESOI SOUTH,AMALO
Nakuru,KURESOI SOUTH,KERINGET
Nakuru,KURESOI SOUTH,KIPTAGICH
Nakuru,MOLO,ELBURGON
Nakuru,MOLO,MOLO
Nakuru,MWEA,TEBERE
Nakuru,NAIVASHA,BIASHARA
Nakuru,NAIVASHA,HELLS GATE
Nakuru,NAIVASHA,LAKE VIEW
Nakuru,NAIVASHA,MAI MAHIU
Nakuru,NAIVASHA,MAIELLA
Nakuru,NAIVASHA,NAIVASHA EAST
Nakuru,NAIVASHA,NYAKIO
Nakuru,NAIVASHA,OLKARIA
Nakuru,NAIVASHA,VIWANDANI
Nakuru,NAKURU TOWN EAST,BIASHARA
Nakuru,NAKURU TOWN EAST,FLAMINGO
Nakuru,NAKURU TOWN EAST,KIVUMBINI
Nakuru,NAKURU TOWN EAST,MENENGAI
Nakuru,NAKURU TOWN EAST,NAKURU EAST
Nakuru,NAKURU TOWN WEST,KAPKURES
Nakuru,NAKURU TOWN WEST,KAPTEMBWO
Nakuru,NAKURU TOWN WEST,LONDON
Nakuru,NAKURU TOWN WEST,RHODA
Nakuru,NAKURU TOWN WEST,SHAABAB
Nakuru,NJORO,KIHINGO
Nakuru,NJORO,LARE
Nakuru,NJORO,MAU NAROK
Nakuru,NJORO,MAUCHE
Nakuru,NJORO,NESSUIT
Nakuru,NJORO,NJORO
Nakuru,Nakuru Town,Nakuru
Nakuru,RONGAI,MENENGAI WEST
Nakuru,RONGAI,MOSOP
Nakuru,RONGAI,SOIN
Nakuru,RONGAI,SOLAI
Nakuru,RONGAI,VISOI
Nakuru,SUBUKIA,KABAZI
Nakuru,SUBUKIA,SUBUKIA
Nandi,ALDAI,KAPTUMO-KABOI
Nandi,ALDAI,KEMELOI-MARABA
Nandi,ALDAI,KOBUJOI
Nandi,ALDAI,TERIK
Nandi,CHESUMEI,CHEMUNDU/KAPNG'ETUNY
Nandi,CHESUMEI,KIPTUYA
Nandi,CHESUMEI,KOSIRAI
Nandi,CHESUMEI,LELMOKWO/NGECHEK
Nandi,EMGWEN,KAPKANGANI
Nandi,EMGWEN,KAPSABET
Nandi,EMGWEN,KILIBWONI
Nandi,KESSES,RACECOURSE
Nandi,MOSOP,CHEPTERWAI
Nandi,MOSOP,KABIYET
Nandi,MOSOP,KURGUNG/SURUNGAI
Nandi,MOSOP,NDALAT
Nandi,NANDI HILLS,CHEPKUNYUK
Nandi,NANDI HILLS,NANDI HILLS
Nandi,NANDI HILLS,OL'LESSOS
Nandi,TINDERET,CHEMELIL/CHEMASE
Nandi,TINDERET,SONGHOR/SOBA
Nandi,TONGAREN,MILIMA
Nandi,TURBO,KAPSAOS
Narok,BOMET CENTRAL,CHESOEN
Narok,EMURUA DIKIRR,ILKERIN
Narok,EMURUA DIKIRR,OLOlMASANI
Narok,KAJIADO NORTH,ONGATA RONGAI
Narok,KILGORIS,KEYIAN
Narok,KILGORIS,KILGORIS CENTRAL
Narok,KILGORIS,KIMINTET
Narok,KILGORIS,LOLGORIAN
Narok,KILGORIS,SHANKOE
Narok,KINANGOP,ENGINEER
Narok,MOSOP,KABIYET
Narok,NAROK EAST,KEEKONYOKIE
Narok,NAROK EAST,MOSIRO
Narok,NAROK EAST,SUSWA
Narok,NAROK NORTH,MELILI
Narok,NAROK NORTH,NAROK TOWN
Narok,NAROK SOUTH,MAJIMOTO/NAROOSURA
Narok,NAROK SOUTH,OLOLULUNG'A
Narok,NAROK SOUTH,SAGAMIAN
Narok,NAROK SOUTH,SOGOO
Narok,NAROK WEST,MARA
Narok,NAROK WEST,SIANA
Nyamira,BORABU,KIABONYORU
Nyamira,BORABU,MEKENENE
Nyamira,BORABU,NYANSIONGO
Nyamira,KITUTU MASABA,GESIMA
Nyamira,KITUTU MASABA,KEMERA
Nyamira,KITUTU MASABA,MAGOMBO
Nyamira,KITUTU MASABA,MANGA
Nyamira,KITUTU MASABA,RIGOMA
Nyamira,NORTH MUGIRANGO,BOKEIRA
Nyamira,NORTH MUGIRANGO,EKERENYO
Nyamira,NORTH MUGIRANGO,ITIBO
Nyamira,NORTH MUGIRANGO,MAGWAGWA
Nyamira,WEST MUGIRANGO,BOGICHORA
Nyamira,WEST MUGIRANGO,BONYAMATUTA
Nyamira,WEST MUGIRANGO,BOSAMARO
Nyamira,WEST MUGIRANGO,NYAMAIYA
Nyamira,WEST MUGIRANGO,TOWNSHIP
Nyandarua,EMBAKASI CENTRAL,KAYOLE NORTH
Nyandarua,KIKUYU,KINOO
Nyandarua,KINANGOP,ENGINEER
Nyandarua,KINANGOP,GATHARA
Nyandarua,KINANGOP,GITHABAI
Nyandarua,KINANGOP,MAGUMU
Nyandarua,KINANGOP,MURUNGARU
Nyandarua,KINANGOP,NJABINIKIBURU
Nyandarua,KINANGOP,NORTH KINANGOP
Nyandarua,KIPIPIRI,KIPIPIRI
Nyandarua,KIPIPIRI,WANJOHI
Nyandarua,LAIKIPIA EAST,NANYUKI
Nyandarua,NDARAGWA,CENTRAL
Nyandarua,NDARAGWA,KIRIITA
Nyandarua,NDARAGWA,LESHAU/PONDO
Nyandarua,OL JOROK,GATIMU
Nyandarua,OL JOROK,WERU
Nyandarua,OL KALOU,KAIMBAGA
Nyandarua,OL KALOU,KANJUIRI RANGE
Nyandarua,OL KALOU,KARAU
Nyandarua,OL KALOU,MIRANGINE
Nyandarua,OL KALOU,RURII
Nyandarua,THIKA TOWN,TOWNSHIP
Nyeri,KANDUYI,TOWNSHIP
Nyeri,KIENI,GAKAWA
Nyeri,KIENI,GATARAKWA
Nyeri,KIENI,KABARU
Nyeri,KIENI,MUGUNDA
Nyeri,KIENI,MWEIGA
Nyeri,KIENI,MWIYOGO/ENDARASHA
Nyeri,KIENI,NAROMORU KIAMATHAGA
Nyeri,KIENI,THEGU RIVER
Nyeri,LAIKIPIA EAST,NANYUKI
Nyeri,LAIKIPIA WEST,IGWAMITI
Nyeri,MARAGWA,KIMORORI/WEMPA
Nyeri,MATHIRA,IRIAINI
Nyeri,MATHIRA,KARATINA TOWN
Nyeri,MATHIRA,KIRIMUKUYU
Nyeri,MATHIRA,KONYU
Nyeri,MATHIRA,RUGURU
Nyeri,MUKURWEINI,GIKONDI
Nyeri,MUKURWEINI,MUKURWE-INI CENTRAL
Nyeri,MUKURWEINI,MUKURWE-INI WEST
Nyeri,NYERI TOWN,GATITU/MURUGURU
Nyeri,NYERI TOWN,KAMAKWA/MUKARO
Nyeri,NYERI TOWN,KIGANJO/MATHARI
Nyeri,NYERI TOWN,RURING'U
Nyeri,NYERI TOWN,RWARE
Nyeri,OTHAYA,CHINGA
Nyeri,OTHAYA,IRIA-INI
Nyeri,OTHAYA,KARIMA
Nyeri,OTHAYA,MAHIGA
Nyeri,RUARAKA,BABA DOGO
Nyeri,TETU,AGUTHI-GAAKI
Nyeri,TETU,WAMAGANA
Nyeri,THIKA TOWN,TOWNSHIP
Nyeri,WESTLANDS,PARKLANDS/HIGHRIDGE
Samburu,SAMBURU EAST,WAMBA EAST
Samburu,SAMBURU EAST,WASO
Samburu,SAMBURU WEST,MARALAL
Siaya,ALEGO USONGA,CENTRAL ALEGO
Siaya,ALEGO USONGA,NORTH ALEGO
Siaya,ALEGO USONGA,SIAYA TOWNSHIP
Siaya,ALEGO USONGA,SOUTH EAST ALEGO
Siaya,ALEGO USONGA,WEST ALEGO
Siaya,AWENDO,SOUTH SAKWA
Siaya,BONDO,CENTRAL SAKWA
Siaya,BONDO,NORTH SAKWA
Siaya,BONDO,SOUTH SAKWA
Siaya,BONDO,WEST SAKWA
Siaya,BONDO,WEST YIMBO
Siaya,BONDO,YIMBO EAST
Siaya,GEM,CENTRAL GEM
Siaya,GEM,EAST GEM
Siaya,GEM,NORTH GEM
Siaya,GEM,SOUTH GEM
Siaya,GEM,WEST GEM
Siaya,GEM,YALA TOWNSHIP
Siaya,HOMA BAY TOWN,HOMA BAY CENTRAL
Siaya,KAJIADO NORTH,ONGATA RONGAI
Siaya,KISUMU WEST,WEST KISUMU
Siaya,RARIEDA,EAST ASEMBO
Siaya,RARIEDA,NORTH UYOMA
Siaya,RARIEDA,SOUTH UYOMA
Siaya,RARIEDA,WEST ASEMBO
Siaya,RARIEDA,WEST UYOMA
Siaya,UGENYA,NORTH UGENYA
Siaya,UGENYA,UKWALA
Siaya,UGENYA,WEST UGENYA
Siaya,UGUNJA,SIDINDI
Siaya,UGUNJA,SIGOMERE
Siaya,UGUNJA,UGUNJA
Taita Taveta,MWATATE,CHAWIA
Taita Taveta,MWATATE,MWATATE
Taita Taveta,TAVETA,BOMANI
Taita Taveta,TAVETA,CHALA
Taita Taveta,VOI,KALOLENI
Taita Taveta,VOI,MARUNGU
Taita Taveta,VOI,MBOLOLO
Taita Taveta,WUNDANYI,WERUGHA
Taita Taveta,WUNDANYI,WUMINGU/KISHUSHE
Taita Taveta,WUNDANYI,WUNDANYI/MBALE
Tana River,BURA,BANGALE
Tana River,BURA,HIRIMANI
Tana River,BURA,MADOGO
Tana River,BURA,SALA
Tana River,GALOLE,CHEWANI
Tana River,GALOLE,WAYU
Tana River,GARSEN,GARSEN CENTRAL
Tana River,GARSEN,GARSEN NORTH
Tana River,GARSEN,GARSEN SOUTH
Tana River,GARSEN,GARSEN WEST
Tharaka Nithi,CHUKA/IGAMBANG'OMBE,IGAMBANG'OMBE
Tharaka Nithi,CHUKA/IGAMBANG'OMBE,KARINGANI
Tharaka Nithi,CHUKA/IGAMBANG'OMBE,MAGUMONI
Tharaka Nithi,CHUKA/IGAMBANG'OMBE,MUGWE
Tharaka Nithi,MAARA,CHOGORIA
Tharaka Nithi,MAARA,MITHERU
Tharaka Nithi,MAARA,MUTHAMBI
Tharaka Nithi,MAARA,MWIMBI
Tharaka Nithi,THARAKA,CHIAKARIGA
Tharaka Nithi,THARAKA,GATUNGA
Tharaka Nithi,THARAKA,MARIMANTI
Tharaka Nithi,THARAKA,MUKOTHIMA
Trans Nzoia,CHERANGANY,CHEPSIRO/KIPTOROR
Trans Nzoia,CHERANGANY,CHERANGANY/SUWERWA
Trans Nzoia,CHERANGANY,MAKUTANO
Trans Nzoia,CHERANGANY,MOTOSIET
Trans Nzoia,CHERANGANY,SINYERERE
Trans Nzoia,CHERANGANY,SITATUNGA
Trans Nzoia,DAGORETTI NORTH,KILIMANI
Trans Nzoia,ENDEBESS,CHEPCHOINA
Trans Nzoia,ENDEBESS,ENDEBESS
Trans Nzoia,KIMININI,HOSPITAL
Trans Nzoia,KIMININI,KIMININI
Trans Nzoia,KIMININI,NABISWA
Trans Nzoia,KIMININI,SIKHENDU
Trans Nzoia,KIMININI,SIRENDE
Trans Nzoia,KIMININI,WAITALUK
Trans Nzoia,KWANZA,BIDII
Trans Nzoia,KWANZA,KAPOMBOI
Trans Nzoia,KWANZA,KEIYO
Trans Nzoia,KWANZA,KWANZA
Trans Nzoia,SABOTI,KINYORO
Trans Nzoia,SABOTI,MACHEWA
Trans Nzoia,SABOTI,MATISI
Trans Nzoia,SABOTI,SABOTI
Trans Nzoia,SABOTI,TUWANI
Trans Nzoia,TURKANA SOUTH,LOKICHAR
Turkana,LOIMA,LOIMA
Turkana,LOIMA,TURKWEL
Turkana,TURKANA CENTRAL,KALOKOL
Turkana,TURKANA CENTRAL,KANAMKEMER
Turkana,TURKANA CENTRAL,LODWAR TOWNSHIP
Turkana,TURKANA NORTH,KAERIS
Turkana,TURKANA SOUTH,KAPUTIR
Turkana,TURKANA SOUTH,LOKICHAR
Turkana,TURKANA WEST,KAKUMA
Turkana,TURKANA WEST,LOKICHOGGIO
Turkana,TURKANA WEST,LOPUR
Uasin Gishu,AINABKOI,AINABKOI/OLARE
Uasin Gishu,AINABKOI,KAPSOYA
Uasin Gishu,AINABKOI,KAPTAGAT
Uasin Gishu,BOBASI,BASI CENTRAL
Uasin Gishu,CHERANGANY,SITATUNGA
Uasin Gishu,CHESUMEI,LELMOKWO/NGECHEK
Uasin Gishu,DAGORETTI NORTH,KILIMANI
Uasin Gishu,Eldoret Town,Eldoret
Uasin Gishu,KAPSERET,KIPKENYO
Uasin Gishu,KAPSERET,LANGAS
Uasin Gishu,KAPSERET,NGERIA
Uasin Gishu,KAPSERET,SIMAT/KAPSERET
Uasin Gishu,KEIYO NORTH,KAMARINY
Uasin Gishu,KESSES,CHEPTIRET/KIPCHAMO
Uasin Gishu,KESSES,RACECOURSE
Uasin Gishu,KESSES,TARAKWA
Uasin Gishu,KESSES,TULWET/CHUIYAT
Uasin Gishu,LUGARI,LUGARI
Uasin Gishu,MATHARE,HURUMA
Uasin Gishu,MOIBEN,KARUNA/MEIBEKI
Uasin Gishu,MOIBEN,KIMUMU
Uasin Gishu,MOIBEN,MOIBEN
Uasin Gishu,MOIBEN,SERGOIT
Uasin Gishu,MOIBEN,TEMBELIO
Uasin Gishu,SOY,KUINET/KAPSUSWA
Uasin Gishu,SOY,MOI'S BRIDGE
Uasin Gishu,SOY,SOY
Uasin Gishu,SOY,ZIWA
Uasin Gishu,TURBO,HURUMA
Uasin Gishu,TURBO,KAMAGUT
Uasin Gishu,TURBO,KAPSAOS
Uasin Gishu,TURBO,KIPLOMBE
Uasin Gishu,TURBO,NGENYILEL
Uasin Gishu,TURBO,TAPSAGOI
Uasin Gishu,WESTLANDS,PARKLANDS/HIGHRIDGE
Vihiga,HAMISI,BANJA
Vihiga,HAMISI,GISAMBAI
Vihiga,HAMISI,JEPKOYAI
Vihiga,HAMISI,SHAMAKHOKHO
Vihiga,HAMISI,SHIRU
Vihiga,HAMISI,TAMBUA
Vihiga,KESSES,RACECOURSE
Vihiga,LUANDA,EMABUNGO
Vihiga,LUANDA,LUANDA SOUTH
Vihiga,LUANDA,LUANDA TOWNSHIP
Vihiga,LUANDA,MWIBONA
Vihiga,LUANDA,WEMILABI
Vihiga,MALAVA,CHEMUCHE
Vihiga,MUMIAS EAST,LUSHEYA/LUBINU
Vihiga,SABATIA,CHAVAKALI
Vihiga,SABATIA,LYADUYWA/IZAVA
Vihiga,SABATIA,NORTH MARAGOLI
Vihiga,SABATIA,WEST SABATIA
Vihiga,SABATIA,WODANGA
Vihiga,VIHIGA,CENTRAL MARAGOLI
Vihiga,VIHIGA,LUGAGA-WAMULUMA
Vihiga,VIHIGA,MUNGOMA
Wajir,ELDAS,ELDAS
Wajir,ELDAS,ELNUR/TULA TULA
Wajir,TARBAJ,TARBAJ
Wajir,WAJIR EAST,BARWAGO
Wajir,WAJIR EAST,KHOROF/HARAR
Wajir,WAJIR EAST,TOWNSHIP
Wajir,WAJIR EAST,WAGBERI
Wajir,WAJIR NORTH,BATALU
Wajir,WAJIR NORTH,BUTE
Wajir,WAJIR SOUTH,HABASSWEIN
Wajir,WAJIR SOUTH,LAGBOGHOL SOUTH
Wajir,WAJIR WEST,ADAMASAJIDE
Wajir,WAJIR WEST,ARBAJAHAN
Wajir,WAJIR WEST,GANYURE/WAGALLA
Wajir,WAJIR WEST,HADADO/ATHIBOHOL
West Pokot,KACHELIBA,ALALE
West Pokot,KACHELIBA,KAPCHOK
West Pokot,KACHELIBA,SUAM
West Pokot,KAPENGURIA,KAPENGURIA
West Pokot,KAPENGURIA,MNAGEI
West Pokot,KAPENGURIA,RIWO
West Pokot,KAPENGURIA,SIYOI
West Pokot,POKOT SOUTH,BATEI
West Pokot,POKOT SOUTH,CHEPARERIA
West Pokot,POKOT SOUTH,LELAN
West Pokot,SIGOR,LOMUT
West Pokot,SIGOR,WEIWEI
